Título,Data,Orgão Julgador,Relator,Ementa,Link Inteiro Teor
0000139-81.2013.5.04.0026 (AP),07/03/2022,Seção Especializada em Execução,JOAO BATISTA DE MATOS DANDA,EMENTA AGRAVO DE PETIÇÃO DA EXEQUENTE. GRUPO ECONÔMICO. Hipótese em que não demonstrada nos autos a existência de liame suficiente para o reconhecimento da existência de grupo econômico. Sentença mantida.,https://pesquisatextual.trt4.jus.br/pesquisas/rest/download/acordao/pje/GsKZVBMV-uR8D2elRfSofQ
0020012-28.2016.5.04.0005 (AP),07/03/2022,Seção Especializada em Execução,JOAO BATISTA DE MATOS DANDA,"EMENTA AGRAVO DE PETIÇÃO DO EXEQUENTE. CITAÇÃO POR EDITAL. NULIDADE. A citação válida do executado é pressuposto indispensável para a validade do processo. Situação em que não restou comprovado o esgotamento de tentativas de localização da empresa e do empresário individual na fase de conhecimento, o que viola as garantias constitucionais do contraditório e da ampla defesa. Agravo não provido.",https://pesquisatextual.trt4.jus.br/pesquisas/rest/download/acordao/pje/0w_pCk7xBuJJvDdJOMFdXQ
0020360-69.2018.5.04.0007 (AP),07/03/2022,Seção Especializada em Execução,JOAO BATISTA DE MATOS DANDA,"AGRAVO DE PETIÇÃO DOS SÓCIOS EXECUTADOS. ILEGITIMIDADE PASSIVA. INGRESSO NA SOCIEDADE. O sócio que ingressa na sociedade após sua constituição assume integral responsabilidade sobre o passivo trabalhista existente, constituído ou em formação. Inteligência da Orientação Jurisprudencial 59 da Seção Especializada em Execução deste Tribunal. Recurso não provido, no aspecto.",https://pesquisatextual.trt4.jus.br/pesquisas/rest/download/acordao/pje/zyN0sZH_k_c5TDYz33gmjA
0000958-97.2012.5.04.0011 (AP),07/03/2022,Seção Especializada em Execução,JOAO BATISTA DE MATOS DANDA,"AGRAVO DE PETIÇÃO DA EXEQUENTE. CORREÇÃO MONETÁRIA. DECISÃO DO STF. ADC 58 E ADC 59. Na esteira do decidido pelo Supremo Tribunal Federal na ADC 58 e ADC 59, com eficácia erga omnes e efeito vinculante, a correção monetária dos débitos trabalhistas deve observar o IPCA-e e juros legais previstos no caput do art. 39 da Lei nº 8.177/1991 na fase pré-judicial, e, a partir do ajuizamento, a taxa SELIC, sem inclusão dos juros de mora de 1% ao mês. São reputados válidos os pagamentos realizados e deve ser respeitada a coisa julgada eventualmente formada quanto a critérios de juros e correção monetária. Agravo de petição parcialmente provido para determinar a retificação da conta quanto aos critérios de correção monetária do débito.",https://pesquisatextual.trt4.jus.br/pesquisas/rest/download/acordao/pje/sxs4H3sE1keK8kJc-o9u6w
0020410-15.2016.5.04.0121 (AP),07/03/2022,Seção Especializada em Execução,JOAO BATISTA DE MATOS DANDA,"EMENTA AGRAVO DE PETIÇÃO DA EXEQUENTE. PRESCRIÇÃO INTERCORRENTE. A fluência do prazo prescricional intercorrente tem início quando a parte exequente deixa de cumprir determinação judicial no curso da execução (§ 1º do art. 11-A da CLT), com expressa cominação das consequências do descumprimento (art. 2º da Recomendação nº 3 da GCGJT), não sendo esta a hipótese dos autos. Recurso provido para determinar o prosseguimento da execução.",https://pesquisatextual.trt4.jus.br/pesquisas/rest/download/acordao/pje/FRUFcoCJJEVEq8CahM2iDQ
0020670-32.2019.5.04.0010 (AP),07/03/2022,Seção Especializada em Execução,JOAO BATISTA DE MATOS DANDA,"CORREÇÃO MONETÁRIA. DECISÃO DO STF. ADC 58 E ADC 59. Na esteira do decidido pelo Supremo Tribunal Federal na ADC 58 e ADC 59, com eficácia erga omnes e efeito vinculante, a correção monetária dos débitos trabalhistas deve observar o IPCA-e e juros legais previstos no caput do art. 39 da Lei nº 8.177/1991 na fase pré-judicial, e, a partir do ajuizamento, a taxa SELIC, sem inclusão dos juros de mora de 1% ao mês. São reputados válidos os pagamentos realizados e deve ser respeitada a coisa julgada eventualmente formada quanto a critérios de juros e correção monetária. Sentença mantida.",https://pesquisatextual.trt4.jus.br/pesquisas/rest/download/acordao/pje/qeg3pJugxZy4q8AklCwwFQ
0020260-96.2021.5.04.0561 (AP),07/03/2022,Seção Especializada em Execução,JOAO BATISTA DE MATOS DANDA,"AGRAVO DE PETIÇÃO EM EMBARGOS DE TERCEIRO. MEAÇÃO. A meação da esposa/companheira de sócio executado deve responder pelos débitos trabalhistas. O contrato de trabalho firmado entre a empresa e o reclamante, ora agravado, foi realizado na constância do casamento/união estável. Portanto, presume-se que a dívida trabalhista foi contraída em benefício dos cônjuges, pois os valores auferidos pelo sócio executado, marido da agravante, em razão do labor do exequente, com certeza contribuiu para o crescimento do patrimônio do casal. Sentença mantida.",https://pesquisatextual.trt4.jus.br/pesquisas/rest/download/acordao/pje/D2MvUdycEUZ1-y4rlBNy-g
0020491-40.2015.5.04.0301 (AP),07/03/2022,Seção Especializada em Execução,JOAO BATISTA DE MATOS DANDA,"EMENTA AGRAVO DE PETIÇÃO DO EXEQUENTE. EXPEDIÇÃO DE OFÍCIO À CEF PARA CONSULTA DE SALDO DE FGTS EM CONTA VINCULADA. IMPENHORABILIDADE. Considerando que FGTS depositado em conta vinculada é absolutamente impenhorável, nos termos do art. 2º, § 2º, da Lei nº 8.036/90, mostra-se ineficiente a expedição de ofício à CEF para consulta de eventual saldo. Agravo de petição não provido.",https://pesquisatextual.trt4.jus.br/pesquisas/rest/download/acordao/pje/lHp38963EfER1iC11aohnA
0020514-72.2014.5.04.0122 (AP),07/03/2022,Seção Especializada em Execução,JOAO BATISTA DE MATOS DANDA,"EMENTA AGRAVO DE PETIÇÃO DO EXEQUENTE. NÃO CONHECIMENTO. AUSÊNCIA DE ATAQUE AOS FUNDAMENTOS DA DECISÃO AGRAVADA. Não deve ser conhecido o agravo de petição que não ataca os fundamentos da decisão recorrida quanto à intempestividade da impugnação à sentença de liquidação. Aplicação da Súmula nº 422, item III, do TST.",https://pesquisatextual.trt4.jus.br/pesquisas/rest/download/acordao/pje/avL43bwyBT2dE8CzdeP5Dw
0022303-40.2021.5.04.0000 (MSCIV),07/03/2022,1ª Seção de Dissídios Individuais,JOAO PAULO LUCENA,"EMENTA MANDADO DE SEGURANÇA. TRAMITAÇÃO DO PROCESSO EM SEGREDO DE JUSTIÇA. NÃO PREENCHIDOS OS REQUISITOS PARA CONCESSÃO DE TUTELA DE URGÊNCIA. AUSÊNCIA DE PROBABILIDADE DO DIREITO. Não viola direito líquido e certo a decisão judicial que não acolhe pedido de tramitação do feito em segredo de justiça, requerido sob alegação de possibilidade de consulta ao nome do trabalhador em sistemas de busca na internet . Não verificada a presença das hipóteses do art. 189 do CPC. Não verificadas tampouco hipóteses específicas de descumprimento do art. 4º, §1º, II, da Resolução 121/2010 do CNJ, que veda a consulta processual pública em sistemas informatizados pelo nome do trabalhador. Decisão atacada que observa a publicidade dos atos processuais, princípio resguardado pela Constituição da República (art. 5º, LX, da CF), e sob o qual devem ser interpretadas as normas infraconstitucionais, inclusive a Lei Geral de Proteção de Dados, que da mesma forma não se mostra violada no presente caso. Segurança denegada, por maioria.",https://pesquisatextual.trt4.jus.br/pesquisas/rest/download/acordao/pje/HATAjHjClOwscql3RWeSfA
0022340-67.2021.5.04.0000 (MSCIV),07/03/2022,1ª Seção de Dissídios Individuais,MARIA SILVANA ROTTA TEDESCO,"MANDADO DE SEGURANÇA. Não identificada ilegalidade na decisão da autoridade que concedeu a tutela de urgência, diante probabilidade do direito do sindicato autor na ação subjacente, fundado na legislação municipal e estadual, verificando-se, igualmente o perigo na demora, diante da divulgação frequente de assaltos a estabelecimentos bancários no interior do Estado, incluindo áreas de autoatendimento, a tornar inseguro o ambiente de trabalho. Observados, no caso, os requisitos do artigo 300 do CPC, no ato da autoridade dita coatora, denega-se a segurança.",https://pesquisatextual.trt4.jus.br/pesquisas/rest/download/acordao/pje/91unFzSO-8fXoFgqSKIdJg
0022105-54.2014.5.04.0030 (AP),07/03/2022,Seção Especializada em Execução,JOAO BATISTA DE MATOS DANDA,EMBARGOS DE DECLARAÇÃO DO EXEQUENTE. Embargos de declaração acolhidos para acrescer fundamentos e atribuir efeito modificativo ao julgado quanto aos critérios de juros e correção monetária.,https://pesquisatextual.trt4.jus.br/pesquisas/rest/download/acordao/pje/uwh2D4nQYpnn74-Lbfp_XA
0000962-67.2013.5.04.0701 (AP),07/03/2022,Seção Especializada em Execução,JOAO BATISTA DE MATOS DANDA,"AGRAVO DE INSTRUMENTO EM AGRAVO DE PETIÇÃO . É incabível agravo de petição contra a decisão que homologa os cálculos de liquidação. O meio processual próprio disponível ao exequente para tal fim é a impugnação à sentença de liquidação, na forma do art. 884 da CLT. Agravo de instrumento não provido.",https://pesquisatextual.trt4.jus.br/pesquisas/rest/download/acordao/pje/tiR0SnTGY2OK3z3TPSDqgQ
0021800-72.2015.5.04.0018 (AP),07/03/2022,Seção Especializada em Execução,JOAO BATISTA DE MATOS DANDA,"AGRAVO DE PETIÇÃO DOS EXEQUENTES. DIFERENÇAS RELATIVAS ÀS HORAS TRABALHADAS . Hipótese em que o título exequendo reconheceu o direito dos credores às diferenças relativas às horas trabalhadas, sem folga compensatória, em repousos semanais remunerados, ou em dias feriados ou em dias nos quais recaíram pontos facultativos , com reflexos. Não há como determinar a desconsideração dos expedientes vespertino e matutino, pois constatado que a própria Fundação executada considera tais dias para o pagamento das horas dobradas. Agravo dos exequentes provido, no aspecto.",https://pesquisatextual.trt4.jus.br/pesquisas/rest/download/acordao/pje/gMzyE1HvCQG3H7hS2yCpxA
0000425-38.2012.5.04.0303 (AP),07/03/2022,Seção Especializada em Execução,JOAO BATISTA DE MATOS DANDA,"EMENTA AGRAVO DE PETIÇÃO DO EXEQUENTE. SISTEMA SISBAJUD . É cabível a tentativa de encontrar bens e ativos dos executados hábeis a garantir o saldamento da dívida através dos convênios postos à disposição desta Especializada, como o Sistema de Busca de Ativos do Poder Judiciário (SISBAJUD). Recurso provido.",https://pesquisatextual.trt4.jus.br/pesquisas/rest/download/acordao/pje/QG5Ty5YP5G0D9lax1QY62A
0020668-90.2014.5.04.0025 (AP),07/03/2022,Seção Especializada em Execução,JOAO BATISTA DE MATOS DANDA,"EMENTA AGRAVO DE PETIÇÃO DO EXEQUENTE. LEVANTAMENTO DOS DEPÓSITOS RECURSAIS. RECUPERAÇÃO JUDICIAL. Na forma da Orientação Jurisprudencial nº 84 desta SEEx, os depósitos recursais realizados antes do deferimento do processo de recuperação judicial não integram o patrimônio jurídico da executada, podendo ser liberados ao credor. Agravo de petição provido.",https://pesquisatextual.trt4.jus.br/pesquisas/rest/download/acordao/pje/pOQxk39YJ_mwqkzuXwBm8A
0020596-74.2016.5.04.0303 (AP),07/03/2022,Seção Especializada em Execução,JOAO BATISTA DE MATOS DANDA,"EMENTA AGRAVO DE PETIÇÃO DA EXEQUENTE. FALÊNCIA E/OU RECUPERAÇÃO JUDICIAL. REDIRECIONAMENTO. PROSSEGUIMENTO DA EXECUÇÃO CONTRA OS SÓCIOS. Entendimento atual deste Colegiado no sentido de que mesmo nos casos em que a empresa executada esteja submetida a processo de recuperação judicial ou falência, em andamento, ou já encerrado, há possibilidade de redirecionamento da execução, na Justiça do Trabalho, contra os sócios responsabilizáveis ou responsáveis subsidiários, quando seu patrimônio não estiver afetado ao Juízo Universal. Agravo de petição provido para determinar a instauração de Incidente de Desconsideração da Personalidade Jurídica para fins de redirecionamento da execução contra os sócios da devedora em recuperação judicial.",https://pesquisatextual.trt4.jus.br/pesquisas/rest/download/acordao/pje/bAtvR1wsVKaC_JpMt2eKhA
0001148-57.2012.5.04.0303 (AP),07/03/2022,Seção Especializada em Execução,JOAO BATISTA DE MATOS DANDA,"EMENTA AGRAVO DE PETIÇÃO DO EXEQUENTE. CORREÇÃO MONETÁRIA. DECISÃO DO STF. ADC 58 E ADC 59. Na esteira do decidido pelo Supremo Tribunal Federal na ADC 58 e ADC 59, com eficácia erga omnes e efeito vinculante, a correção monetária dos débitos trabalhistas deve observar o IPCA-e e juros legais previstos no caput do art. 39 da Lei nº 8.177/1991 na fase pré-judicial, e, a partir do ajuizamento, a taxa SELIC, sem inclusão dos juros de mora de 1% ao mês. São reputados válidos os pagamentos realizados e deve ser respeitada a coisa julgada eventualmente formada quanto a critérios de juros e correção monetária. Agravo de petição parcialmente provido. AGRAVO DE PETIÇÃO DA EXECUTADA. HORAS EXTRAS. HORAS IRREGULARMENTE COMPENSADAS. QUANTIDADE. Demonstrada incorreção na conta homologada, impõe-se sua retificação. Dado provimento.",https://pesquisatextual.trt4.jus.br/pesquisas/rest/download/acordao/pje/cBrRZ9-WxYGJZI95SodHSg
0020588-78.2017.5.04.0007 (AP),07/03/2022,Seção Especializada em Execução,JOAO BATISTA DE MATOS DANDA,"EMENTA AGRAVO DE PETIÇÃO DA EXECUTADA. PRECLUSÃO. ART. 879, § 2º, DA CLT. Quando a parte executada é intimada, sob as penas do parágrafo 2º do artigo 879 da CLT, para ciência dos cálculos de liquidação apresentados pela exequente, a ausência de manifestação oportuna acarreta a configuração da preclusão. Recurso desprovido.",https://pesquisatextual.trt4.jus.br/pesquisas/rest/download/acordao/pje/TYEOsdAJB4jt3P2WFPHMzQ
0020067-18.2013.5.04.0026 (AP),07/03/2022,Seção Especializada em Execução,JOAO BATISTA DE MATOS DANDA,"AGRAVO DE PETIÇÃO DA EXEQUENTE. JUROS. DECISÃO DO STF. ADC 58 E ADC 59. Na esteira do decidido pelo Supremo Tribunal Federal na ADC 58 e ADC 59, com eficácia erga omnes e efeito vinculante, a correção monetária dos débitos trabalhistas deve observar o IPCA-e e juros legais previstos no caput do art. 39 da Lei nº 8.177/1991 na fase pré-judicial, e, a partir do ajuizamento, a taxa SELIC, sem inclusão dos juros de mora de 1% ao mês. São reputados válidos os pagamentos realizados e deve ser respeitada a coisa julgada eventualmente formada quanto a critérios de juros e correção monetária. Agravo de petição parcialmente provido.",https://pesquisatextual.trt4.jus.br/pesquisas/rest/download/acordao/pje/Rl5jQE8Xf9isJexVNkMn4Q
0020703-45.2017.5.04.0122 (AP),07/03/2022,Seção Especializada em Execução,JOAO BATISTA DE MATOS DANDA,"EMENTA AGRAVO DE PETIÇÃO DA EXECUTADA ECOVIX. LIMITAÇÃO DOS JUROS DE MORA E DA CORREÇÃO MONETÁRIA. RECUPERAÇÃO JUDICIAL. A limitação à incidência da correção monetária e juros de mora beneficia tão somente a massa falida, e não as empresas em recuperação judicial, e desde que o ativo apurado não seja suficiente para o pagamento. Agravo provido em parte para determinar a expedição de certidão de habilitação com os valores atualizados até a data do ajuizamento da recuperação judicial..",https://pesquisatextual.trt4.jus.br/pesquisas/rest/download/acordao/pje/MpxSrnD_aqca8c2g41ZFHw
0022304-25.2021.5.04.0000 (MSCIV),07/03/2022,1ª Seção de Dissídios Individuais,TÂNIA REGINA SILVA RECKZIEGEL,"MANDADO DE SEGURANÇA. TUTELA DE URGÊNCIA. AÇÃO REVISIONAL. Hipótese na qual não há probabilidade do direito invocado pela litisconsorte na ação subjacente, carecendo de amparo a tutela de urgência concedida na ação revisional. Segurança concedida.",https://pesquisatextual.trt4.jus.br/pesquisas/rest/download/acordao/pje/Cl_Ug9iKU2MeCXEmd_Q9wg
0020442-44.2021.5.04.0024 (AP),07/03/2022,Seção Especializada em Execução,JOAO BATISTA DE MATOS DANDA,"EMENTA AGRAVO DE PETIÇÃO DO TERCEIRO EMBARGANTE. PENHORA DE AUTOMÓVEL. Não comprovado o direito do terceiro embargante sobre o veículo penhorado nos autos principais, mantenho a sentença de improcedência dos embargos de terceiro. Provimento negado.",https://pesquisatextual.trt4.jus.br/pesquisas/rest/download/acordao/pje/8QQGsecc9bdubQuk49JBWw
0020451-54.2017.5.04.0021 (AP),07/03/2022,Seção Especializada em Execução,JOAO BATISTA DE MATOS DANDA,"EMENTA AGRAVO DE PETIÇÃO DA EXECUTADA. LIMITES DA SENTENÇA EXEQUENDA. BASE DE CÁLCULO DO ADICIONAL DE PERICULOSIDADE. Determinado no título executivo a apuração do adicional de periculosidade sobre a integralidade das parcelas salariais, não pode ser incluído na base de cálculo parcela paga a título indenizatório, pela supressão de horas extras. No processo executório não se pode modificar ou inovar o título executivo judicial objeto de liquidação, sob pena de ofensa ao art. 879, §1º, da CLT e ao art. 5º, XXXVI, da CF. Sentença reformada em parte.",https://pesquisatextual.trt4.jus.br/pesquisas/rest/download/acordao/pje/Jr1e5CClOhArMqpX0begAA
0020748-89.2016.5.04.0411 (AP),07/03/2022,Seção Especializada em Execução,JOAO BATISTA DE MATOS DANDA,"AGRAVO DE PETIÇÃO DO EXEQUENTE. CORREÇÃO MONETÁRIA. DECISÃO DO STF. ADC 58 E ADC 59. Na esteira do decidido pelo Supremo Tribunal Federal na ADC 58 e ADC 59, com eficácia erga omnes e efeito vinculante, a correção monetária dos débitos trabalhistas deve observar o IPCA-e e juros legais previstos no caput do art. 39 da Lei nº 8.177/1991 na fase pré-judicial, e, a partir do ajuizamento, a taxa SELIC, sem inclusão dos juros de mora de 1% ao mês. São reputados válidos os pagamentos realizados e deve ser respeitada a coisa julgada eventualmente formada quanto a critérios de juros e correção monetária. Agravo de petição parcialmente provido para determinar a retificação da conta quanto aos critérios de correção monetária do débito.",https://pesquisatextual.trt4.jus.br/pesquisas/rest/download/acordao/pje/8xgbjNDQW51AyqP3AlcxKA
0021479-39.2017.5.04.0221 (AP),07/03/2022,Seção Especializada em Execução,JOAO BATISTA DE MATOS DANDA,"EMENTA AGRAVO DE PETIÇÃO DO EXEQUENTE. RECUPERAÇÃO JUDICIAL. PROSSEGUIMENTO DA EXECUÇÃO COM PESQUISA JUNTO AO SISBAJUD. Diante da recuperação judicial da executada, a tramitação do feito nesta Justiça fica limitada à apuração dos créditos, expedição das respectivas certidões e orientação para que os credores busquem a habilitação do crédito junto ao Juízo da recuperação judicial. Sentença que determinou a suspensão dos atos executórios em face da executada, com a expedição da certidão para habilitação de créditos nos autos do processo de recuperação judicial, que se mantém.",https://pesquisatextual.trt4.jus.br/pesquisas/rest/download/acordao/pje/7pPufV9DAC0dKSFAu78CGw
0124500-04.1998.5.04.0025 (AP),07/03/2022,Seção Especializada em Execução,JOAO BATISTA DE MATOS DANDA,"EMENTA AGRAVO DE PETIÇÃO DO EXECUTADO. EXPEDIÇÃO DE RPV. Considerando que a decisão agravada apenas observou o quanto decidido nos autos da Ação Rescisória, não há o que reformar, no aspecto.",https://pesquisatextual.trt4.jus.br/pesquisas/rest/download/acordao/pje/856IEfQjFqaJO02Yc2MV5Q
0022383-04.2021.5.04.0000 (MSCIV),07/03/2022,1ª Seção de Dissídios Individuais,BRIGIDA JOAQUINA CHARAO BARCELOS,"EMENTA MANDADO DE SEGURANÇA. Tutela de urgência deferida e ratificada de pagamento imediato das vantagens asseguradas na norma coletiva, conforme assegura o próprio art. 6, § 3º, da Lei 4.725/65, por interpretação sistemática, quando admite o ajuizamento da ação de cumprimento, inclusive com recebimento de vantagens reconhecidas objeto de decisão em mandado de segurança pretérito em que confirmada a ordem de cumprimento imediato. Conforme referido desde a primeira decisão no mandado de segurança anterior, a sentença normativa já está produzindo todos os seus efeitos: inclusive para fins de concessão de tutela provisória de urgência em ação de cumprimento. Inexistência, até então, de notícia de atribuição de efeito suspensivo à sentença normativa em questão pelo TST - como permitiria o art. 14 da Lei 10.192/2001, importando em violação a direito líquido e certo da impetrante o elastecimento do prazo. Concedida parcialmente a segurança para cassar a decisão que ampliou o prazo para cumprimento da liminar proferida nos autos da ação de cumprimento, que tramita sob o n. 0020613-70.2021.5.04.0001, mantendo-se a penhora on-line, via Bacen-Jud, do valor da multa já cominada contra a CEEE-D.",https://pesquisatextual.trt4.jus.br/pesquisas/rest/download/acordao/pje/XV0Nj9REKvqWQijtvtgs1A
0020434-87.2021.5.04.0373 (AIAP),07/03/2022,Seção Especializada em Execução,JOAO BATISTA DE MATOS DANDA,"EMENTA AGRAVO DE INSTRUMENTO EM AGRAVO DE PETIÇÃO. Sendo incabível o agravo de petição por não se tratar de recurso contra decisão terminativa ou definitiva proferida na execução, mantém-se o não recebimento. Agravo de instrumento não provido.",https://pesquisatextual.trt4.jus.br/pesquisas/rest/download/acordao/pje/Gg-hbnLceli80f8lpxTBiQ
0020453-34.2020.5.04.0016 (AP),07/03/2022,Seção Especializada em Execução,JOAO BATISTA DE MATOS DANDA,"EMENTA AGRAVO DE PETIÇÃO DA EXEQUENTE. CORREÇÃO MONETÁRIA. DECISÃO DO STF. ADC 58 E ADC 59. Na esteira do decidido pelo Supremo Tribunal Federal na ADC 58 e ADC 59, com eficácia erga omnes e efeito vinculante, a correção monetária dos débitos trabalhistas deve observar o IPCA-e e juros legais previstos no caput do art. 39 da Lei nº 8.177/1991 na fase pré-judicial, e, a partir do ajuizamento, a taxa SELIC, sem inclusão dos juros de mora de 1% ao mês. São reputados válidos os pagamentos realizados e deve ser respeitada a coisa julgada eventualmente formada quanto a critérios de juros e correção monetária. Agravo de petição parcialmente provido para determinar a retificação da conta de liquidação.",https://pesquisatextual.trt4.jus.br/pesquisas/rest/download/acordao/pje/kz70lFDeNM71IDH1Na_59w
0022368-35.2021.5.04.0000 (MSCIV),07/03/2022,1ª Seção de Dissídios Individuais,MARCELO JOSE FERLIN D'AMBROSO,"EMENTA AGRAVO REGIMENTAL. MANDADO DE SEGURANÇA. INDEFERIMENTO DA PETIÇÃO INICIAL. EXTINÇÃO DO PROCESSO SEM RESOLUÇÃO DE MÉRITO. INADEQUAÇÃO DA VIA ELEITA. Dispondo a parte de recurso próprio para impugnar decisão que lhe é desfavorável, resta incabível a impetração de mandado de segurança. Indeferimento liminar da petição inicial e a extinção do feito sem resolução de mérito (OJ nº 92 da SDI-2 do TST e art. 5º, II, e 10, da Lei nº 12.016/2009).",https://pesquisatextual.trt4.jus.br/pesquisas/rest/download/acordao/pje/kPYGHYtyTxaVWSmY25z1Dw
0063200-38.2007.5.04.0021 (AP),07/03/2022,Seção Especializada em Execução,JOAO BATISTA DE MATOS DANDA,"AGRAVO DE PETIÇÃO DA EXEQUENTE. CORREÇÃO MONETÁRIA. DECISÃO DO STF. ADC 58 E ADC 59. Na esteira do decidido pelo Supremo Tribunal Federal na ADC 58 e ADC 59, com eficácia erga omnes e efeito vinculante, a correção monetária dos débitos trabalhistas deve observar o IPCA-e e juros legais previstos no caput do art. 39 da Lei nº 8.177/1991 na fase pré-judicial, e, a partir do ajuizamento, a taxa SELIC, sem inclusão dos juros de mora de 1% ao mês. São reputados válidos os pagamentos realizados e deve ser respeitada a coisa julgada eventualmente formada quanto a critérios de juros e correção monetária. Agravo de petição parcialmente provido para determinar a retificação da conta quanto aos critérios de correção monetária do débito.",https://pesquisatextual.trt4.jus.br/pesquisas/rest/download/acordao/pje/qelGQ1Uzi9TrvhgzUL-SLw
0021217-58.2013.5.04.0406 (AP),07/03/2022,Seção Especializada em Execução,JOAO BATISTA DE MATOS DANDA,"EMENTA AGRAVO DE PETIÇÃO DA EXEQUENTE. PENHORA DE SALÁRIO. FLEXIBILIZAÇÃO. ARTIGO 833 DO CPC. A pretensão da exequente, de ver penhorado parte do salário do executado, encontra respaldo na relativização da regra da impenhorabilidade dos salários, consoante artigo 833, inciso IV e § 2º, do CPC. Todavia, observando o atual entendimento desta Seção Especializada, que reconhece a possibilidade de penhora de rendimentos quando superiores a R$ 10.000,00 (dez mil reais) mensais, é incabível a penhora de salários pretendida. Agravo não provido.",https://pesquisatextual.trt4.jus.br/pesquisas/rest/download/acordao/pje/yojnWIdelJYJS-Ssv-CREA
0031200-35.2004.5.04.0103 (AP),07/03/2022,Seção Especializada em Execução,JOAO BATISTA DE MATOS DANDA,"EMENTA AGRAVO DE PETIÇÃO DA EXEQUENTE. PENHORA DE BENEFÍCIO PREVIDENCIÁRIO. Ainda que as alterações promovidas no art. 833 do CPC referendem entendimento no sentido da possibilidade de penhora sobre proventos de aposentadoria, o teto dos benefícios do INSS encontra-se em patamar que é considerado por esta Seção Especializada como impenhorável, sob pena de prejuízo à subsistência do devedor e sua família. Provimento negado.",https://pesquisatextual.trt4.jus.br/pesquisas/rest/download/acordao/pje/Lc2GrOmekXJLJ7Z7Vioc1A
0021168-42.2017.5.04.0611 (AP),07/03/2022,Seção Especializada em Execução,JOAO BATISTA DE MATOS DANDA,"CORREÇÃO MONETÁRIA. DECISÃO DO STF. ADC 58 E ADC 59. Na esteira do decidido pelo Supremo Tribunal Federal na ADC 58 e ADC 59, com eficácia erga omnes e efeito vinculante, a correção monetária dos débitos trabalhistas deve observar o IPCA-e e juros legais previstos no caput do art. 39 da Lei nº 8.177/1991 na fase pré-judicial, e, a partir do ajuizamento, a taxa SELIC, sem inclusão dos juros de mora de 1% ao mês. São reputados válidos os pagamentos realizados e deve ser respeitada a coisa julgada eventualmente formada quanto a critérios de juros e correção monetária.",https://pesquisatextual.trt4.jus.br/pesquisas/rest/download/acordao/pje/M1K1xV7d40dyU2xfANMqjw
0052900-17.2004.5.04.0831 (AP),07/03/2022,Seção Especializada em Execução,JOAO BATISTA DE MATOS DANDA,"EMENTA AGRAVO DE PETIÇÃO DA SEGUNDA EXECUTADA. PRECLUSÃO. COISA JULGADA. Não se opera a preclusão quando os cálculos de liquidação são elaborados em desconformidade com a sentença exequenda, em ofensa à coisa julgada. Orientação Jurisprudencial nº 64 da SEEx. Agravo de petição provido para determinar a apuração das contribuições devidas à PREVI, na forma da fundamentação.",https://pesquisatextual.trt4.jus.br/pesquisas/rest/download/acordao/pje/vaB-HtutROwtzl8dqcSiiw
0020518-64.2017.5.04.0103 (AP),07/03/2022,Seção Especializada em Execução,JOAO BATISTA DE MATOS DANDA,"AGRAVO DE PETIÇÃO DOS EXEQUENTES. CORREÇÃO MONETÁRIA. DECISÃO DO STF. ADC 58 E ADC 59. Na esteira do decidido pelo Supremo Tribunal Federal na ADC 58 e ADC 59, com eficácia erga omnes e efeito vinculante, a correção monetária dos débitos trabalhistas deve observar o IPCA-e e juros legais previstos no caput do art. 39 da Lei nº 8.177/1991 na fase pré-judicial, e, a partir do ajuizamento, a taxa SELIC, sem inclusão dos juros de mora de 1% ao mês. São reputados válidos os pagamentos realizados e deve ser respeitada a coisa julgada eventualmente formada quanto a critérios de juros e correção monetária. Agravo de petição parcialmente provido.",https://pesquisatextual.trt4.jus.br/pesquisas/rest/download/acordao/pje/xvGTlbNX1DAuELXM5gUdHw
0020818-26.2018.5.04.0221 (AP),07/03/2022,Seção Especializada em Execução,JOAO BATISTA DE MATOS DANDA,"EMENTA AGRAVO DE PETIÇÃO DA RECLAMADA/EXEQUENTE. PROVENTOS DE APOSENTADORIA RECEBIDOS ACUMULADAMENTE. (IM)PENHORABILIDADE. Os valores atinentes as parcelas vencidas da aposentadoria por invalidez concedida judicialmente e recebidos por RPV não estão abarcados pela impenhorabilidade prevista no artigo 833, inciso IV, do CPC, tendo em vista que não se destinam à subsistência do executado e sua família. Agravo de petição a que se nega provimento.",https://pesquisatextual.trt4.jus.br/pesquisas/rest/download/acordao/pje/epJL9SH3h34XMwKzvCtYQQ
0020368-84.2020.5.04.0004 (AP),07/03/2022,Seção Especializada em Execução,JOAO BATISTA DE MATOS DANDA,"AGRAVO DE PETIÇÃO DA EXECUTADA. CORREÇÃO MONETÁRIA. DECISÃO DO STF. ADC 58 E ADC 59. Na esteira do decidido pelo Supremo Tribunal Federal na ADC 58 e ADC 59, com eficácia erga omnes e efeito vinculante, a correção monetária dos débitos trabalhistas deve observar o IPCA-e e juros legais previstos no caput do art. 39 da Lei nº 8.177/1991 na fase pré-judicial, e, a partir do ajuizamento, a taxa SELIC, sem inclusão dos juros de mora de 1% ao mês. São reputados válidos os pagamentos realizados e deve ser respeitada a coisa julgada eventualmente formada quanto a critérios de juros e correção monetária. Agravo de petição parcialmente provido para determinar a retificação da conta quanto aos critérios de correção monetária do débito.",https://pesquisatextual.trt4.jus.br/pesquisas/rest/download/acordao/pje/xaDVmIEHS51eW6Gp8pMGUg
0020870-70.2018.5.04.0205 (AP),07/03/2022,Seção Especializada em Execução,JOAO BATISTA DE MATOS DANDA,"CORREÇÃO MONETÁRIA. DECISÃO DO STF. ADC 58 E ADC 59. Na esteira do decidido pelo Supremo Tribunal Federal na ADC 58 e ADC 59, com eficácia erga omnes e efeito vinculante, a correção monetária dos débitos trabalhistas deve observar o IPCA-e e juros legais previstos no caput do art. 39 da Lei nº 8.177/1991 na fase pré-judicial, e, a partir do ajuizamento, a taxa SELIC, sem inclusão dos juros de mora de 1% ao mês. São reputados válidos os pagamentos realizados e deve ser respeitada a coisa julgada eventualmente formada quanto a critérios de juros e correção monetária. Agravo de petição parcialmente provido.",https://pesquisatextual.trt4.jus.br/pesquisas/rest/download/acordao/pje/esvXxAfi_arm9wFujEYzhQ
0070800-68.2009.5.04.0271 (AP),07/03/2022,Seção Especializada em Execução,JOAO BATISTA DE MATOS DANDA,"EMENTA AGRAVO DE PETIÇÃO DO BANCO DO BRASIL. DIFERENÇAS DE COMPLEMENTAÇÃO DE APOSENTADORIA. TETO DO SALÁRIO DE CONTRIBUIÇÃO. Prevalece nesta Seção Especializada entendimento de que o art. 10º, § 2º, do Estatuto de 1967, limita o teto de contribuição, e não o benefício da complementação da aposentadoria a ser pago. Sentença mantida.",https://pesquisatextual.trt4.jus.br/pesquisas/rest/download/acordao/pje/GrYala6BwxtCUi9WwzsNuQ
0020109-60.2016.5.04.0641 (AP),07/03/2022,Seção Especializada em Execução,JOAO BATISTA DE MATOS DANDA,"EMENTA CORREÇÃO MONETÁRIA. DECISÃO DO STF. ADC 58 E ADC 59. Na esteira do decidido pelo Supremo Tribunal Federal na ADC 58 e ADC 59, com eficácia erga omnes e efeito vinculante, a correção monetária dos débitos trabalhistas deve observar o IPCA-e e juros legais previstos no caput do art. 39 da Lei nº 8.177/1991 na fase pré-judicial, e, a partir do ajuizamento, a taxa SELIC, sem inclusão dos juros de mora de 1% ao mês. São reputados válidos os pagamentos realizados e deve ser respeitada a coisa julgada eventualmente formada quanto a critérios de juros e correção monetária.",https://pesquisatextual.trt4.jus.br/pesquisas/rest/download/acordao/pje/NQLIjzZ5TXjoa08zHMfE9w
0020863-54.2019.5.04.0331 (AP),07/03/2022,Seção Especializada em Execução,JOAO BATISTA DE MATOS DANDA,"AGRAVO DE PETIÇÃO DA PARTE EXEQUENTE. IMPUGNAÇÃO À SENTENÇA DE LIQUIDAÇÃO EXTEMPORÂNEA. Nos termos do art. 884 da CLT, o prazo para a oposição de impugnação à sentença de liquidação é de 5 (cinco) dias, contados da ciência da garantia do juízo, da penhora ou do saque do alvará pelo credor. Entretanto, a apresentação de impugnação à sentença de liquidação antes da garantia prevista no art. 884 da CLT, ainda que extemporânea, não prejudica o seu conhecimento, mas apenas posterga a análise para após o transcurso do prazo legal previsto naquele dispositivo. Agravo da credora parcialmente provido.",https://pesquisatextual.trt4.jus.br/pesquisas/rest/download/acordao/pje/eyVwFohXZWD7UDKnWeHzBQ
0021364-14.2018.5.04.0405 (AP),07/03/2022,Seção Especializada em Execução,JOAO BATISTA DE MATOS DANDA,"AGRAVO DE PETIÇÃO DA EXECUTADA. DIFERENÇAS SALARIAIS PELA APLICAÇÃO DO TETO. DEDUÇÃO DOS REAJUSTES CONCEDIDOS. Hipótese em que a condenação abrange as diferenças salariais devidas aos engenheiros pela aplicação do piso salarial legal no momento da contratação, não havendo qualquer disposição no sentido da dedução dos reajustes concedidos espontaneamente pela executada, os quais foram recebidos de boa-fé pelo empregado. Recurso não provido.",https://pesquisatextual.trt4.jus.br/pesquisas/rest/download/acordao/pje/IsvKb3zjqLXZXg-wxATwFg
0020603-09.2017.5.04.0731 (AP),07/03/2022,Seção Especializada em Execução,JOAO BATISTA DE MATOS DANDA,"EMENTA CORREÇÃO MONETÁRIA. DECISÃO DO STF. ADC 58 E ADC 59. Na esteira do decidido pelo Supremo Tribunal Federal na ADC 58 e ADC 59, com eficácia erga omnes e efeito vinculante, a correção monetária dos débitos trabalhistas deve observar o IPCA-e e juros legais previstos no caput do art. 39 da Lei nº 8.177/1991 na fase pré-judicial, e, a partir do ajuizamento, a taxa SELIC, sem inclusão dos juros de mora de 1% ao mês. São reputados válidos os pagamentos realizados e deve ser respeitada a coisa julgada eventualmente formada quanto a critérios de juros e correção monetária. Agravo de petição provido em parte.",https://pesquisatextual.trt4.jus.br/pesquisas/rest/download/acordao/pje/WOjNv4S5fLeATHjpLp4fxg
0020371-26.2013.5.04.0023 (AP),07/03/2022,Seção Especializada em Execução,JOAO BATISTA DE MATOS DANDA,"EMENTA CORREÇÃO MONETÁRIA. APLICAÇÃO IMEDIATA DA TESE DEFINIDA PELO STF NO JULGAMENTO DAS ADCs 58 e 59. DESNECESSIDADE DE TRÂNSITO EM JULGADO. Entendimento do próprio STF que autoriza a aplicação imediata da tese definida no julgamento das ADCs 58 e 59, sendo desnecessário o trânsito em julgado da decisão. Cassado comando de sobrestamento do julgamento e determinado o retorno dos autos à origem, para julgamento do mérito dos embargos à execução quanto aos critérios de correção monetária.",https://pesquisatextual.trt4.jus.br/pesquisas/rest/download/acordao/pje/sSMuHOenulicMgea6OqFGg
0020158-66.2015.5.04.0664 (AP),07/03/2022,Seção Especializada em Execução,JOAO BATISTA DE MATOS DANDA,"EMENTA AGRAVO DE PETIÇÃO DA EXEQUENTE. PRESCRIÇÃO INTERCORRENTE. Na esteira do que dispõe o art. 5º da Recomendação nº 3/GCGJT, de 24/07/2018, não correrá a prescrição intercorrente nas hipóteses em que não for localizado o devedor ou não foram encontrados bens hábeis a garantir o saldamento da obrigação. Hipótese em que não foram encontrados bens passíveis de penhora, sendo descabida a fluência da prescrição intercorrente. Sentença reformada.",https://pesquisatextual.trt4.jus.br/pesquisas/rest/download/acordao/pje/W547oGaJmJYS5ayYJ6F1RQ
0020393-13.2017.5.04.0551 (AP),07/03/2022,Seção Especializada em Execução,JOAO BATISTA DE MATOS DANDA,"EMENTA AGRAVO DE PETIÇÃO DA EXECUTADA. CONTRIBUIÇÕES PREVIDENCIÁRIAS - COTA PATRONAL. DESONERAÇÃO . Ausente a comprovação de que a executada contribui com percentual sobre a receita bruta, nos termos da Orientação Jurisprudencial nº 67 da SEEx, é cabível a cobrança da parcela sobre a condenação. Provimento negado.",https://pesquisatextual.trt4.jus.br/pesquisas/rest/download/acordao/pje/MvBAuOJm2ldMVV0Bwz2bCg
0001356-29.2012.5.04.0404 (AP),07/03/2022,Seção Especializada em Execução,JOAO BATISTA DE MATOS DANDA,"EMENTA AGRAVO DE PETIÇÃO DA EXECUTADA. HORAS EXTRAS E INTERVALARES EM PARCELAS VINCENDAS . Inexistindo previsão no título executivo deferindo horas extras e horas intervalares em parcelas vincendas, é indevida sua apuração em razão da possibilidade de alteração da situação fática. Ademais, o entendimento da SEEx no sentido de que é inaplicável a Orientação Jurisprudencial nº 56 da SEEx para as horas extras e intervalares. Agravo de petição da executada provido parcialmente.",https://pesquisatextual.trt4.jus.br/pesquisas/rest/download/acordao/pje/1BCfVMC65pVR6dZU32U9Ww
0020180-63.2021.5.04.0002 (AP),07/03/2022,Seção Especializada em Execução,JOAO BATISTA DE MATOS DANDA,AGRAVO DE PETIÇÃO DA EXEQUENTE. TRÂNSITO EM JULGADO PARCIAL. EXECUÇÃO DEFINITIVA. É possível a execução definitiva da decisão em relação às parcelas já transitadas em julgado. Agravo da parte exequente provido em parte.,https://pesquisatextual.trt4.jus.br/pesquisas/rest/download/acordao/pje/gvJS4ty_NLNsNwvz_v42cA
0003800-64.2009.5.04.0202 (AP),07/03/2022,Seção Especializada em Execução,JOAO BATISTA DE MATOS DANDA,"EMENTA AGRAVO DE PETIÇÃO DA EXECUTADA. CUSTAS. O fato de a executada ter recolhido as custas fixadas sobre o valor atribuído à condenação, nos termos do disposto no art. 789, §2º, da CLT, não a isenta do recolhimento das custas por complementação ao valor final e total da condenação, em atenção ao disposto no inciso I do mesmo artigo. Agravo de petição desprovido.",https://pesquisatextual.trt4.jus.br/pesquisas/rest/download/acordao/pje/cBa6BG_jDzHdR3VANWcg9A
0021193-53.2015.5.04.0020 (AP),07/03/2022,Seção Especializada em Execução,JOAO BATISTA DE MATOS DANDA,"EMENTA AGRAVO DE PETIÇÃO DO EXEQUENTE. CORREÇÃO MONETÁRIA. DECISÃO DO STF. ADC 58 E ADC 59. Na esteira do decidido pelo Supremo Tribunal Federal na ADC 58 e ADC 59, com eficácia erga omnes e efeito vinculante, a correção monetária dos débitos trabalhistas deve observar o IPCA-e e juros legais previstos no caput do art. 39 da Lei nº 8.177/1991 na fase pré-judicial, e, a partir do ajuizamento, a taxa SELIC, sem inclusão dos juros de mora de 1% ao mês. São reputados válidos os pagamentos realizados e deve ser respeitada a coisa julgada eventualmente formada quanto a critérios de juros e correção monetária. Agravo de petição parcialmente provido. AGRAVO DE PETIÇÃO DO EXEQUENTE. REFLEXOS DIRETOS EM FGTS. Deve ser respeitado o título executivo quando defere reflexos da parcela principal de forma direta em outras parcelas, inclusive FGTS, inexistindo espaço para apuração do FGTS incidente sobre os demais reflexos deferidos. Aplicação da OJ 96 desta SEEx. Agravo de petição do exequente não provido.",https://pesquisatextual.trt4.jus.br/pesquisas/rest/download/acordao/pje/Nur15X_NY5qb2HcaYDMprw
0000473-82.2011.5.04.0771 (AP),07/03/2022,Seção Especializada em Execução,JOAO BATISTA DE MATOS DANDA,"EMENTA AGRAVO DE PETIÇÃO DA EXEQUENTE CEF. LIMITES DA COISA JULGADA. DIFERENÇAS DE COMPLEMENTAÇÃO DE APOSENTADORIA. Não havendo comando na decisão exequenda para apuração de diferenças de complementação de aposentadoria, a sua execução é indevida, pois esta deve se ater estritamente aos limites da coisa julgada, sob pena de ofensa ao art. 5º, inc. XXXVI, da CF, e ao art. 879, § 1º, da CLT. Sentença mantida. AGRAVO DE PETIÇÃO DA PRIMEIRA EXECUTADA. PRECLUSÃO. ART. 879, § 2º, DA CLT. Quando a parte executada é intimada, sob as penas do parágrafo 2º do artigo 879 da CLT, para ciência dos cálculos de liquidação apresentados, a ausência de manifestação oportuna acarreta a configuração da preclusão. Sentença mantida.",https://pesquisatextual.trt4.jus.br/pesquisas/rest/download/acordao/pje/JafZxDqBEWME6qQnGCqBzA
0020255-31.2020.5.04.0522 (AP),07/03/2022,Seção Especializada em Execução,JOAO BATISTA DE MATOS DANDA,"AGRAVO DE PETIÇÃO DO EXEQUENTE. BASE DE CÁLCULO DAS HORAS EXTRAS. Considerando os termos do título executivo, que determina a aplicação da Súmula nº 264 do TST, a base de cálculo das horas extras deve ser composta de todas as parcelas de natureza salarial recebidas, aí incluída a parcela ""risco de vida"" e os reflexos das horas intervalares pagas nos repousos semanais remunerados. Agravo de petição provido, no tópico.",https://pesquisatextual.trt4.jus.br/pesquisas/rest/download/acordao/pje/5QqjS5etktJzDZV0kTknUg
0022183-94.2021.5.04.0000 (MSCIV),07/03/2022,1ª Seção de Dissídios Individuais,TÂNIA REGINA SILVA RECKZIEGEL,"EMENTA MANDADO DE SEGURANÇA. ANTECIPAÇÃO DE TUTELA. Presença dos requisitos legais que autorizam a concessão da tutela antecipada, denegada na ação subjacente",https://pesquisatextual.trt4.jus.br/pesquisas/rest/download/acordao/pje/GzaMgoUEumBSU_j4ZtLKrg
0020708-47.2020.5.04.0030 (AP),07/03/2022,Seção Especializada em Execução,JOAO BATISTA DE MATOS DANDA,"EMENTA AGRAVO DE PETIÇÃO DA EXEQUENTE. IMPUGNAÇÃO À SENTENÇA DE LIQUIDAÇÃO. INTEMPESTIVIDADE. Nos termos do art. 884 da CLT, o prazo para a oposição de impugnação à sentença de liquidação é de 5 (cinco) dias, contados da ciência da garantia do juízo, da penhora ou do saque do alvará pelo credor. Impugnação à sentença de liquidação oposta pela exequente após o prazo legal que não pode ser conhecida por intempestiva. Sentença mantida.",https://pesquisatextual.trt4.jus.br/pesquisas/rest/download/acordao/pje/aiJ1OUSZsatJXke2pcFyrw
0020088-91.2021.5.04.0000 (TUTCAUTANT),07/03/2022,Seção Especializada em Execução,JOAO BATISTA DE MATOS DANDA,"TUTELA CAUTELAR ANTECEDENTE. IMEDIATA LIBERAÇÃO DE VALOR. EXECUÇÃO PROVISÓRIA. Ausentes os elementos quanto à probabilidade do direito e ao perigo de dano ou risco ao resultado útil do processo, é improcedente a medida cautelar. Não havendo alteração quanto à situação fática, é ratificada a decisão proferida em sede liminar, indeferindo a pretensão para liberação de valor em sede de execução provisória. Medida cautelar julgada improcedente.",https://pesquisatextual.trt4.jus.br/pesquisas/rest/download/acordao/pje/rn4gFFETJ0BKxG_GT_7MQQ
0021341-17.2021.5.04.0000 (TUTCAUTANT),07/03/2022,Seção Especializada em Execução,JOAO BATISTA DE MATOS DANDA,"EMENTA TUTELA CAUTELAR ANTECEDENTE. APURAÇÃO E LIBERAÇÃO DE VALOR INCONTROVERSO. Ausentes os elementos quanto à probabilidade do direito e ao perigo de dano ou risco ao resultado útil do processo, é improcedente a medida cautelar. Não havendo alteração quanto à situação fática, é ratificada a decisão proferida em sede liminar, indeferindo a pretensão para apuração e liberação de valor incontroverso. Medida cautelar julgada improcedente.",https://pesquisatextual.trt4.jus.br/pesquisas/rest/download/acordao/pje/3N97hihmoUfDYWm_denf2A
0020913-05.2016.5.04.0002 (AP),07/03/2022,Seção Especializada em Execução,JOAO BATISTA DE MATOS DANDA,"CORREÇÃO MONETÁRIA. DECISÃO DO STF. ADC 58 E ADC 59. Na esteira do decidido pelo Supremo Tribunal Federal na ADC 58 e ADC 59, com eficácia erga omnes e efeito vinculante, a correção monetária dos débitos trabalhistas deve observar o IPCA-e e juros legais previstos no caput do art. 39 da Lei nº 8.177/1991 na fase pré-judicial, e, a partir do ajuizamento, a taxa SELIC, sem inclusão dos juros de mora de 1% ao mês. São reputados válidos os pagamentos realizados e deve ser respeitada a coisa julgada eventualmente formada quanto a critérios de juros e correção monetária. Agravo de petição do exequente provido em parte.",https://pesquisatextual.trt4.jus.br/pesquisas/rest/download/acordao/pje/7dsmF5bZDdBoYV8rcLxiaQ
0134400-50.2008.5.04.0028 (AP),07/03/2022,Seção Especializada em Execução,JOAO BATISTA DE MATOS DANDA,"CORREÇÃO MONETÁRIA. DECISÃO DO STF. ADC 58 E ADC 59. Na esteira do decidido pelo Supremo Tribunal Federal na ADC 58 e ADC 59, com eficácia erga omnes e efeito vinculante, a correção monetária dos débitos trabalhistas deve observar o IPCA-e e juros legais previstos no caput do art. 39 da Lei nº 8.177/1991 na fase pré-judicial, e, a partir do ajuizamento, a taxa SELIC, sem inclusão dos juros de mora de 1% ao mês. São reputados válidos os pagamentos realizados e deve ser respeitada a coisa julgada eventualmente formada quanto a critérios de juros e correção monetária. Agravo de petição parcialmente provido.",https://pesquisatextual.trt4.jus.br/pesquisas/rest/download/acordao/pje/G7sEUsTU3z2yaEYU906S9g
0001477-60.2012.5.04.0403 (AP),07/03/2022,Seção Especializada em Execução,JOAO BATISTA DE MATOS DANDA,"EMENTA EMBARGOS DE DECLARAÇÃO DO EXEQUENTE. Constatado o vício apontado no acórdão, acolhem-se os embargos de declaração opostos pelo exequente para sanar a omissão verificada, com atribuição de efeito modificativo ao julgado.",https://pesquisatextual.trt4.jus.br/pesquisas/rest/download/acordao/pje/VYf4zm2_O1ZdjxvijphGvw
0021647-37.2014.5.04.0030 (AP),07/03/2022,Seção Especializada em Execução,JOAO BATISTA DE MATOS DANDA,"AGRAVO DE PETIÇÃO. CORREÇÃO MONETÁRIA. DÉBITOS TRABALHISTAS. ENTE PÚBLICO FEDERAL. A correção monetária dos débitos trabalhistas do ente público federal, deve observar a TR até 25.03.2015 e o IPCA-e a partir de 26.03.2015, e quando inscritos em Precatório ou Requisição de Pequeno Valor a partir do ano de 2014, deve observar o IPCA-E a partir de sua expedição.",https://pesquisatextual.trt4.jus.br/pesquisas/rest/download/acordao/pje/1N3pnfmFzAzwFRhZlB9Jng
0020631-60.2014.5.04.0511 (AP),07/03/2022,Seção Especializada em Execução,JOAO BATISTA DE MATOS DANDA,"EMENTA AGRAVO DE INSTRUMENTO DA EXECUTADA. NÃO RECEBIMENTO DO AGRAVO DE PETIÇÃO. AUSÊNCIA DE GARANTIA DO JUÍZO. EMPRESA EM RECUPERAÇÃO JUDICIAL. Tratando-se de empresa em processo de recuperação judicial, deve ser conhecido o agravo de petição, ainda que não tenha sido garantida a execução. Agravo de Instrumento provido.",https://pesquisatextual.trt4.jus.br/pesquisas/rest/download/acordao/pje/ddqxctb3TmQ5ZBUeut_83w
0020498-80.2016.5.04.0791 (AP),07/03/2022,Seção Especializada em Execução,JOAO BATISTA DE MATOS DANDA,EMENTA AGRAVO DE PETIÇÃO DA EXECUTADA. CÁLCULOS DE LIQUIDAÇÃO. Comporta retificação a conta da Secretaria que não atenta aos critérios de juros e correção monetária definidos em decisão transitada em julgada na fase de execução. Sentença reformada.,https://pesquisatextual.trt4.jus.br/pesquisas/rest/download/acordao/pje/UCtcES5ETof5Ooj6GEUoyg
0087300-09.1998.5.04.0721 (AP),07/03/2022,Seção Especializada em Execução,JOAO BATISTA DE MATOS DANDA,EMBARGOS DE DECLARAÇÃO DA EXEQUENTE. Embargos de declaração acolhidos para acrescer fundamentos e atribuir efeito modificativo ao julgado quanto aos critérios de juros e correção monetária.,https://pesquisatextual.trt4.jus.br/pesquisas/rest/download/acordao/pje/3w0Jty8usRaho5m_vWytOg
0022027-26.2015.5.04.0030 (AP),07/03/2022,Seção Especializada em Execução,JOAO BATISTA DE MATOS DANDA,"EMENTA AGRAVO DE PETIÇÃO DA EXECUTADA. PENSIONAMENTO. APURAÇÃO DO CAPITAL A SER CONSTITUÍDO. A constituição de capital, na forma do art. 533, caput, do CPC, deve corresponder a valor suficiente a assegurar renda mensal equivalente ao valor da pensão mensal. Assim, razoável multiplicar-se o valor atual da pensão por 200 que, com a incidência de rendimento mensal médio de 0,5%, corresponderia ao valor equivalente ao da pensão deferida. Sentença mantida.",https://pesquisatextual.trt4.jus.br/pesquisas/rest/download/acordao/pje/2r9xHBMe32jTLkXGRNWaQw
0020285-57.2016.5.04.0732 (AP),07/03/2022,Seção Especializada em Execução,JOAO BATISTA DE MATOS DANDA,"CORREÇÃO MONETÁRIA. DECISÃO DO STF. ADC 58 E ADC 59. Na esteira do decidido pelo Supremo Tribunal Federal na ADC 58 e ADC 59, com eficácia erga omnes e efeito vinculante, a correção monetária dos débitos trabalhistas deve observar o IPCA-e e juros legais previstos no caput do art. 39 da Lei nº 8.177/1991 na fase pré-judicial, e, a partir do ajuizamento, a taxa SELIC, sem inclusão dos juros de mora de 1% ao mês. São reputados válidos os pagamentos realizados e deve ser respeitada a coisa julgada eventualmente formada quanto a critérios de juros e correção monetária.",https://pesquisatextual.trt4.jus.br/pesquisas/rest/download/acordao/pje/VE0iOa3NtldKPuomQ40ytA
0022285-19.2021.5.04.0000 (MSCIV),07/03/2022,1ª Seção de Dissídios Individuais,ANGELA ROSI ALMEIDA CHAPPER,"EMENTA AGRAVO REGIMENTAL. DESPROVIMENTO. Contra a decisão que indeferiu os requerimentos de complementação de laudos periciais, substituição dos peritos designados e de produção de prova oral, encerrando a instrução processual, a agravante dispõe de recurso próprio a ser interposto no momento oportuno, conforme disposto nos arts. 893, § 1º, e 895, I, ambos da CLT. Mantida a decisão extintiva da ação, por não ser o caso de cabimento de mandado de segurança, nos termos do art. 5º, II, da Lei 12.016/2009, em conformidade com a OJ nº 92 da SDI-2 do TST. Precedentes. Recurso desprovido.",https://pesquisatextual.trt4.jus.br/pesquisas/rest/download/acordao/pje/QnYgBi_r6aNsaF3z_WjGvw
0021439-02.2021.5.04.0000 (MSCIV),07/03/2022,1ª Seção de Dissídios Individuais,BRIGIDA JOAQUINA CHARAO BARCELOS,"MANDADO DE SEGURANÇA. TUTELA PROVISÓRIA DE URGÊNCIA. REINTEGRAÇÃO AO EMPREGO. AUSÊNCIA DE VIOLAÇÃO A DIREITO LÍQUIDO E CERTO. Caso em que configurados os requisitos necessários ao deferimento da tutela de urgência requerida (CPC, art. 300), para a reintegração do trabalhador ao emprego que detém estabilidade provisória em razão de acidente do trabalho, inexistindo ilegalidade ou arbitrariedade na decisão proferida no processo subjacente. O dano ou o risco ao resultado útil do processo está no fato de a impetrante ser assalariada. Segurança denegada.",https://pesquisatextual.trt4.jus.br/pesquisas/rest/download/acordao/pje/Mqs5bQc0umnkQUZupuk1vw
0115200-68.2009.5.04.0013 (AP),07/03/2022,Seção Especializada em Execução,JOAO BATISTA DE MATOS DANDA,"EMENTA AGRAVO DE PETIÇÃO DA SEGUNDA EXECUTADA. CUSTAS NA FASE DE EXECUÇÃO. O recolhimento das custas fixadas sobre o valor provisório atribuído à condenação, nos termos do disposto no art. 789, §2º, da CLT, não isenta a parte executada do recolhimento das custas por complementação ao valor final e total da condenação, em atenção ao disposto no inciso I do mesmo artigo. Agravo de petição não provido.",https://pesquisatextual.trt4.jus.br/pesquisas/rest/download/acordao/pje/EHQ88rROukzIu0Xp3ka3bQ
0020319-89.2015.5.04.0013 (AP),07/03/2022,Seção Especializada em Execução,JOAO BATISTA DE MATOS DANDA,"AGRAVO DE PETIÇÃO DO EXEQUENTE. BASE DE CÁLCULO DA GRATIFICAÇÃO SEMESTRAL. INCLUSÃO DOS REPOUSOS MAJORADOS PELAS HORAS EXTRAS. O título executivo não deferiu apenas integração das horas extras em gratificações semestrais, mas também o pagamento da própria parcela (gratificação semestral) tendo em vista o reconhecimento da condição de bancária da autora. Ainda, há previsão expressa de que a base de cálculo das gratificações semestrais seja a remuneração da exequente, o que inclui os repousos semanais remunerados majorados pelas horas extras. Sentença reformada.",https://pesquisatextual.trt4.jus.br/pesquisas/rest/download/acordao/pje/uf2fwFSmBQ9MdrnrtAwbdQ
0020011-90.2021.5.04.0741 (AP),07/03/2022,Seção Especializada em Execução,JOAO BATISTA DE MATOS DANDA,"EMENTA AGRAVO DE PETIÇÃO DA UNIÃO. CONTRIBUIÇÕES PREVIDENCIÁRIAS. FATO GERADOR. INCIDÊNCIA DE JUROS (TAXA SELIC) E MULTA. 1. LABOR PRESTADO ATÉ 04.03.2009. REGIME DE CAIXA. Em relação ao trabalho prestado no período até 04.03.2009 o fato gerador das contribuições previdenciárias decorrentes de créditos trabalhistas reconhecidos ou homologados judicialmente é o efetivo pagamento das verbas trabalhistas deferidas, adotado portanto o regime de caixa . 2. LABOR PRESTADO NO PERÍODO A PARTIR DE 05.03.2009. REGIME DE COMPETÊNCIA As contribuições incidentes sobre trabalho prestado no período a partir de 05.03.2009 devem ser apuradas pelo regime de competência, ou seja, com acréscimos legais moratórios vigentes relativamente a cada uma das competências abrangidas. 3. MULTA. A multa prevista no artigo 61, §1º, da Lei nº 9.430/96, por seu turno, é devida apenas a partir do exaurimento do prazo de citação para o pagamento, independente da data em que prestados os serviços. Adoção do entendimento firmado nos itens IV e V da Súmula nº 368 do TST.",https://pesquisatextual.trt4.jus.br/pesquisas/rest/download/acordao/pje/CxK7NB9fjy2lyn71pCQ6AQ
0000894-24.2011.5.04.0011 (AP),07/03/2022,Seção Especializada em Execução,JOAO BATISTA DE MATOS DANDA,"EMENTA AGRAVO DE PETIÇÃO DA PRIMEIRA EXECUTADA. CRITÉRIO DE APURAÇÃO DAS PARCELAS DEFERIDAS. PRESCRIÇÃO. Ainda que eventual direito tenha sido adquirido em período encoberto pela prescrição, ela não o alcançará se sua exigibilidade ocorreu em período não prescrito. Sentença mantida.",https://pesquisatextual.trt4.jus.br/pesquisas/rest/download/acordao/pje/u-imsHNgDGf9IuTsuXGDtA
0000946-56.2012.5.04.0020 (AP),07/03/2022,Seção Especializada em Execução,JOAO BATISTA DE MATOS DANDA,"CORREÇÃO MONETÁRIA. DECISÃO DO STF. ADC 58 E ADC 59. Na esteira do decidido pelo Supremo Tribunal Federal na ADC 58 e ADC 59, com eficácia erga omnes e efeito vinculante, a correção monetária dos débitos trabalhistas deve observar o IPCA-e e juros legais previstos no caput do art. 39 da Lei nº 8.177/1991 na fase pré-judicial, e, a partir do ajuizamento, a taxa SELIC, sem inclusão dos juros de mora de 1% ao mês. São reputados válidos os pagamentos realizados e deve ser respeitada a coisa julgada eventualmente formada quanto a critérios de juros e correção monetária. Agravo de petição do exequente parcialmente provido.",https://pesquisatextual.trt4.jus.br/pesquisas/rest/download/acordao/pje/lN-3vHyIMAKimNgpm3eBOQ
0020196-09.2019.5.04.0771 (AP),07/03/2022,Seção Especializada em Execução,JOAO BATISTA DE MATOS DANDA,"EMENTA AGRAVO DE PETIÇÃO DO EXEQUENTE. LIMITES DA SENTENÇA EXEQUENDA. LIMITAÇÃO DA CONDENAÇÃO AOS VALORES ATRIBUÍDOS A CADA PEDIDO NA PETIÇÃO INICIAL. No processo executório não se pode modificar ou inovar o título executivo judicial objeto de liquidação, sob pena de ofensa ao art. 879, §1º, da CLT e ao art. 5º, XXXVI, da CF. Logo, expressa a limitação da condenação no título executivo, estão corretos os cálculos homologados que observaram como limite os valores atribuídos aos pedidos na petição inicial. Provimento negado.",https://pesquisatextual.trt4.jus.br/pesquisas/rest/download/acordao/pje/edYD1lVxqqpzghnDvEojWQ
0020747-88.2018.5.04.0232 (AP),07/03/2022,Seção Especializada em Execução,JOAO BATISTA DE MATOS DANDA,"CORREÇÃO MONETÁRIA. DECISÃO DO STF. ADC 58 E ADC 59. Na esteira do decidido pelo Supremo Tribunal Federal na ADC 58 e ADC 59, com eficácia erga omnes e efeito vinculante, a correção monetária dos débitos trabalhistas deve observar o IPCA-e e juros legais previstos no caput do art. 39 da Lei nº 8.177/1991 na fase pré-judicial, e, a partir do ajuizamento, a taxa SELIC, sem inclusão dos juros de mora de 1% ao mês. São reputados válidos os pagamentos realizados e deve ser respeitada a coisa julgada eventualmente formada quanto a critérios de juros e correção monetária. Agravo provido em parte, para determinar a adequação da conta de liquidação.",https://pesquisatextual.trt4.jus.br/pesquisas/rest/download/acordao/pje/XdttyvjOKENyfOOMN2cRqQ
0001079-11.2010.5.04.0201 (AIAP),07/03/2022,Seção Especializada em Execução,JOAO BATISTA DE MATOS DANDA,"EMENTA AGRAVO DE INSTRUMENTO DA EXECUTADA. NÃO CONHECIMENTO DO AGRAVO DE PETIÇÃO EM FACE DO NÃO APONTAMENTO DOS VALORES INCONTROVERSOS. Não se conhece do agravo de petição que não delimita correta e justificadamente os valores impugnados. Aplicação do art. 897, § 1º, da CLT. Agravo de instrumento não provido.",https://pesquisatextual.trt4.jus.br/pesquisas/rest/download/acordao/pje/bWW0XSryLoKQtHMuvnEr5w
0022112-51.2015.5.04.0405 (AP),07/03/2022,Seção Especializada em Execução,JOAO BATISTA DE MATOS DANDA,EMENTA AGRAVO DE PETIÇÃO DO EXECUTADO. REDIRECIONAMENTO DA EXECUÇÃO CONTRA O DEVEDOR SUBSIDIÁRIO. A decretação da falência do devedor principal induz a presunção de insolvência e autoriza o imediato redirecionamento da execução contra o devedor subsidiário. Adoção dos entendimentos consolidados nas Orientações Jurisprudenciais nº 6 e 7 desta Seção Especializada em Execução. Agravo de petição não provido.,https://pesquisatextual.trt4.jus.br/pesquisas/rest/download/acordao/pje/JIXfh6XmxX8cb4oxMXI8kQ
0020101-83.2021.5.04.0261 (AP),07/03/2022,Seção Especializada em Execução,JOAO BATISTA DE MATOS DANDA,"EMENTA AGRAVO DE INSTRUMENTO EM AGRAVO DE PETIÇÃO. DECISÃO QUE INDEFERE O PEDIDO DE COBRANÇA DA CLÁUSULA PENAL FIRMADA EM ACORDO JUDICIAL. É cabível agravo de petição da decisão que indefere o pedido de cobrança da cláusula penal firmada em acordo judicial, na medida em que trata-se de decisão definitiva proferida em sede de execução trabalhista. Inteligência do art. 897, ""a"", da CLT. Agravo de instrumento provido.",https://pesquisatextual.trt4.jus.br/pesquisas/rest/download/acordao/pje/lKYdHsPdOojy0VI_sL1bSQ
0131600-21.2009.5.04.0026 (AP),07/03/2022,Seção Especializada em Execução,JOAO BATISTA DE MATOS DANDA,AGRAVO DE PETIÇÃO DO EXEQUENTE. PENHORAS MÚLTIPLAS. A existência de penhoras anteriores não obstaculiza a efetivação de nova constrição na medida em que a divisão de eventuais frutos deverá observar o disposto no art. 908 do CPC. Agravo provido para autorizar a realização das penhoras postuladas.,https://pesquisatextual.trt4.jus.br/pesquisas/rest/download/acordao/pje/ENGYda6DqtG7hFIPqPqB-Q
0020249-55.2017.5.04.0772 (AP),07/03/2022,Seção Especializada em Execução,JOAO BATISTA DE MATOS DANDA,"EMENTA AGRAVO DE PETIÇÃO DA EXECUTADA. PENHORA DE SALÁRIO E PROVENTOS DE APOSENTADORIA. FLEXIBILIZAÇÃO. ARTIGO 833 DO CPC. A impenhorabilidade prevista no art. 833, incisos IX e X do CPC, não é absoluta, frente ao acréscimo realizado no § 2º do referido dispositivo. Hipótese em que a executada sequer logrou êxito em comprovar que a contrição recaiu sobre benefício previdenciário, tendo em vista a quantidade de depósitos sem origem declarada na sua conta corrente. Agravo não provido.",https://pesquisatextual.trt4.jus.br/pesquisas/rest/download/acordao/pje/OOEJSnNM-HMqX7ebZheTRA
0022941-10.2020.5.04.0000 (MSCIV),07/03/2022,1ª Seção de Dissídios Individuais,MARCELO JOSE FERLIN D'AMBROSO,"EMENTA EMBARGOS DE DECLARAÇÃO. A finalidade dos embargos de declaração é eliminar eventuais vícios, tais como omissão, obscuridade ou contradição que possam comprometer a entrega da prestação jurisdicional. Não ocorrendo os vícios alegados, devem ser rejeitados os embargos de declaração opostos pela litisconsorte.",https://pesquisatextual.trt4.jus.br/pesquisas/rest/download/acordao/pje/ibSKKRMrpBt4Rgye9VB9zg
